element_id,start_node,end_node,start_label,end_label,member_role,element_type,section_name,b1_mm,b2_mm,t_mm,E_N_per_mm2,G_N_per_mm2,parent_element_id,split_order,station_mm_from_reference_node,reference_node,source_note
6,0,3,center,top_xneg_ypos,center_to_top,frame,L90x90x7,90.0,90.0,7.0,210000.0,81000.0,6.0,,,,original_frame_unsplit
7,0,4,center,top_xneg_yneg,center_to_top,frame,L90x90x7,90.0,90.0,7.0,210000.0,81000.0,7.0,,,,original_frame_unsplit
8,0,5,center,top_xpos_ypos,center_to_top,frame,L90x90x7,90.0,90.0,7.0,210000.0,81000.0,8.0,,,,original_frame_unsplit
9,0,6,center,top_xpos_yneg,center_to_top,frame,L90x90x7,90.0,90.0,7.0,210000.0,81000.0,9.0,,,,original_frame_unsplit
10,3,4,top_xneg_ypos,top_xneg_yneg,top_square_y_side,frame,L80x80x5,80.0,80.0,5.0,210000.0,81000.0,10.0,,,,original_frame_unsplit
12,6,5,top_xpos_yneg,top_xpos_ypos,top_square_y_side,frame,L80x80x5,80.0,80.0,5.0,210000.0,81000.0,12.0,,,,original_frame_unsplit
18,7,9,base_xneg_ypos,base_xpos_ypos,bottom_square,frame,L102x89x6.4,102.0,89.0,6.4,210000.0,81000.0,18.0,,,,original_frame_unsplit
20,10,8,base_xpos_yneg,base_xneg_yneg,bottom_square,frame,L102x89x6.4,102.0,89.0,6.4,210000.0,81000.0,20.0,,,,original_frame_unsplit
22,0,11,center,te5_e00_d2020_from_base,load_point_to_center,frame,L90x90x7,90.0,90.0,7.0,210000.0,81000.0,0.0,0.0,,0.0,split_frame_segment
23,11,12,te5_e00_d2020_from_base,te5_e00_d3228_from_base,load_point_to_center,frame,L90x90x7,90.0,90.0,7.0,210000.0,81000.0,0.0,1.0,,0.0,split_frame_segment
24,12,1,te5_e00_d3228_from_base,high_xneg,load_point_to_center,frame,L90x90x7,90.0,90.0,7.0,210000.0,81000.0,0.0,2.0,,0.0,split_frame_segment
25,0,13,center,te5_e01_d2020_from_base,load_point_to_center,frame,L90x90x7,90.0,90.0,7.0,210000.0,81000.0,1.0,0.0,,0.0,split_frame_segment
26,13,14,te5_e01_d2020_from_base,te5_e01_d3228_from_base,load_point_to_center,frame,L90x90x7,90.0,90.0,7.0,210000.0,81000.0,1.0,1.0,,0.0,split_frame_segment
27,14,2,te5_e01_d3228_from_base,high_xpos,load_point_to_center,frame,L90x90x7,90.0,90.0,7.0,210000.0,81000.0,1.0,2.0,,0.0,split_frame_segment
28,1,17,high_xneg,te5_e02_d4015_from_base,load_point_to_top,frame,L90x90x7,90.0,90.0,7.0,210000.0,81000.0,2.0,0.0,,3.0,split_frame_segment
29,17,16,te5_e02_d4015_from_base,te5_e02_d3185_from_base,load_point_to_top,frame,L90x90x7,90.0,90.0,7.0,210000.0,81000.0,2.0,1.0,,3.0,split_frame_segment
30,16,15,te5_e02_d3185_from_base,te5_e02_d1530_from_base,load_point_to_top,frame,L90x90x7,90.0,90.0,7.0,210000.0,81000.0,2.0,2.0,,3.0,split_frame_segment
31,15,3,te5_e02_d1530_from_base,top_xneg_ypos,load_point_to_top,frame,L90x90x7,90.0,90.0,7.0,210000.0,81000.0,2.0,3.0,,3.0,split_frame_segment
32,1,20,high_xneg,te5_e03_d4015_from_base,load_point_to_top,frame,L90x90x7,90.0,90.0,7.0,210000.0,81000.0,3.0,0.0,,4.0,split_frame_segment
33,20,19,te5_e03_d4015_from_base,te5_e03_d3185_from_base,load_point_to_top,frame,L90x90x7,90.0,90.0,7.0,210000.0,81000.0,3.0,1.0,,4.0,split_frame_segment
34,19,18,te5_e03_d3185_from_base,te5_e03_d1530_from_base,load_point_to_top,frame,L90x90x7,90.0,90.0,7.0,210000.0,81000.0,3.0,2.0,,4.0,split_frame_segment
35,18,4,te5_e03_d1530_from_base,top_xneg_yneg,load_point_to_top,frame,L90x90x7,90.0,90.0,7.0,210000.0,81000.0,3.0,3.0,,4.0,split_frame_segment
36,2,23,high_xpos,te5_e04_d4015_from_base,load_point_to_top,frame,L90x90x7,90.0,90.0,7.0,210000.0,81000.0,4.0,0.0,,5.0,split_frame_segment
37,23,22,te5_e04_d4015_from_base,te5_e04_d3185_from_base,load_point_to_top,frame,L90x90x7,90.0,90.0,7.0,210000.0,81000.0,4.0,1.0,,5.0,split_frame_segment
38,22,21,te5_e04_d3185_from_base,te5_e04_d1530_from_base,load_point_to_top,frame,L90x90x7,90.0,90.0,7.0,210000.0,81000.0,4.0,2.0,,5.0,split_frame_segment
39,21,5,te5_e04_d1530_from_base,top_xpos_ypos,load_point_to_top,frame,L90x90x7,90.0,90.0,7.0,210000.0,81000.0,4.0,3.0,,5.0,split_frame_segment
40,2,26,high_xpos,te5_e05_d4015_from_base,load_point_to_top,frame,L90x90x7,90.0,90.0,7.0,210000.0,81000.0,5.0,0.0,,6.0,split_frame_segment
41,26,25,te5_e05_d4015_from_base,te5_e05_d3185_from_base,load_point_to_top,frame,L90x90x7,90.0,90.0,7.0,210000.0,81000.0,5.0,1.0,,6.0,split_frame_segment
42,25,24,te5_e05_d3185_from_base,te5_e05_d1530_from_base,load_point_to_top,frame,L90x90x7,90.0,90.0,7.0,210000.0,81000.0,5.0,2.0,,6.0,split_frame_segment
43,24,6,te5_e05_d1530_from_base,top_xpos_yneg,load_point_to_top,frame,L90x90x7,90.0,90.0,7.0,210000.0,81000.0,5.0,3.0,,6.0,split_frame_segment
44,0,24,center,te5_e05_d1530_from_base,upper_truss,truss,L45x45x4,45.0,45.0,4.0,210000.0,81000.0,,,,,xpos_user_drawn; user_line_0
45,0,21,center,te5_e04_d1530_from_base,upper_truss,truss,L45x45x4,45.0,45.0,4.0,210000.0,81000.0,,,,,xpos_user_drawn; user_line_1
46,21,24,te5_e04_d1530_from_base,te5_e05_d1530_from_base,upper_truss,truss,L45x45x4,45.0,45.0,4.0,210000.0,81000.0,,,,,xpos_user_drawn; user_line_2
47,21,13,te5_e04_d1530_from_base,te5_e01_d2020_from_base,upper_truss,truss,L45x45x4,45.0,45.0,4.0,210000.0,81000.0,,,,,xpos_user_drawn; user_line_3
48,13,24,te5_e01_d2020_from_base,te5_e05_d1530_from_base,upper_truss,truss,L45x45x4,45.0,45.0,4.0,210000.0,81000.0,,,,,xpos_user_drawn; user_line_4
49,25,22,te5_e05_d3185_from_base,te5_e04_d3185_from_base,upper_truss,truss,L45x45x4,45.0,45.0,4.0,210000.0,81000.0,,,,,xpos_user_drawn; user_line_5
50,26,23,te5_e05_d4015_from_base,te5_e04_d4015_from_base,upper_truss,truss,L45x45x4,45.0,45.0,4.0,210000.0,81000.0,,,,,xpos_user_drawn; user_line_6
51,13,25,te5_e01_d2020_from_base,te5_e05_d3185_from_base,upper_truss,truss,L45x45x4,45.0,45.0,4.0,210000.0,81000.0,,,,,xpos_user_drawn; user_line_7
52,13,22,te5_e01_d2020_from_base,te5_e04_d3185_from_base,upper_truss,truss,L45x45x4,45.0,45.0,4.0,210000.0,81000.0,,,,,xpos_user_drawn; user_line_8
53,22,14,te5_e04_d3185_from_base,te5_e01_d3228_from_base,upper_truss,truss,L45x45x4,45.0,45.0,4.0,210000.0,81000.0,,,,,xpos_user_drawn; user_line_9
54,25,14,te5_e05_d3185_from_base,te5_e01_d3228_from_base,upper_truss,truss,L45x45x4,45.0,45.0,4.0,210000.0,81000.0,,,,,xpos_user_drawn; user_line_10
55,14,26,te5_e01_d3228_from_base,te5_e05_d4015_from_base,upper_truss,truss,L45x45x4,45.0,45.0,4.0,210000.0,81000.0,,,,,xpos_user_drawn; user_line_11
56,14,23,te5_e01_d3228_from_base,te5_e04_d4015_from_base,upper_truss,truss,L45x45x4,45.0,45.0,4.0,210000.0,81000.0,,,,,xpos_user_drawn; user_line_12
57,6,21,top_xpos_yneg,te5_e04_d1530_from_base,upper_truss,truss,L50x50x4,50.0,50.0,4.0,210000.0,81000.0,,,,,xpos_user_drawn; user_line_13
58,24,22,te5_e05_d1530_from_base,te5_e04_d3185_from_base,upper_truss,truss,L45x45x4,45.0,45.0,4.0,210000.0,81000.0,,,,,xpos_user_drawn; user_line_14
59,25,23,te5_e05_d3185_from_base,te5_e04_d4015_from_base,upper_truss,truss,L45x45x4,45.0,45.0,4.0,210000.0,81000.0,,,,,xpos_user_drawn; user_line_15
60,0,18,center,te5_e03_d1530_from_base,upper_truss,truss,L45x45x4,45.0,45.0,4.0,210000.0,81000.0,,,,,xneg_mirrored; mirrored_from_user_line_0
61,0,15,center,te5_e02_d1530_from_base,upper_truss,truss,L45x45x4,45.0,45.0,4.0,210000.0,81000.0,,,,,xneg_mirrored; mirrored_from_user_line_1
62,15,18,te5_e02_d1530_from_base,te5_e03_d1530_from_base,upper_truss,truss,L45x45x4,45.0,45.0,4.0,210000.0,81000.0,,,,,xneg_mirrored; mirrored_from_user_line_2
63,15,11,te5_e02_d1530_from_base,te5_e00_d2020_from_base,upper_truss,truss,L45x45x4,45.0,45.0,4.0,210000.0,81000.0,,,,,xneg_mirrored; mirrored_from_user_line_3
64,11,18,te5_e00_d2020_from_base,te5_e03_d1530_from_base,upper_truss,truss,L45x45x4,45.0,45.0,4.0,210000.0,81000.0,,,,,xneg_mirrored; mirrored_from_user_line_4
65,19,16,te5_e03_d3185_from_base,te5_e02_d3185_from_base,upper_truss,truss,L45x45x4,45.0,45.0,4.0,210000.0,81000.0,,,,,xneg_mirrored; mirrored_from_user_line_5
66,20,17,te5_e03_d4015_from_base,te5_e02_d4015_from_base,upper_truss,truss,L45x45x4,45.0,45.0,4.0,210000.0,81000.0,,,,,xneg_mirrored; mirrored_from_user_line_6
67,11,19,te5_e00_d2020_from_base,te5_e03_d3185_from_base,upper_truss,truss,L45x45x4,45.0,45.0,4.0,210000.0,81000.0,,,,,xneg_mirrored; mirrored_from_user_line_7
68,11,16,te5_e00_d2020_from_base,te5_e02_d3185_from_base,upper_truss,truss,L45x45x4,45.0,45.0,4.0,210000.0,81000.0,,,,,xneg_mirrored; mirrored_from_user_line_8
69,16,12,te5_e02_d3185_from_base,te5_e00_d3228_from_base,upper_truss,truss,L45x45x4,45.0,45.0,4.0,210000.0,81000.0,,,,,xneg_mirrored; mirrored_from_user_line_9
70,19,12,te5_e03_d3185_from_base,te5_e00_d3228_from_base,upper_truss,truss,L45x45x4,45.0,45.0,4.0,210000.0,81000.0,,,,,xneg_mirrored; mirrored_from_user_line_10
71,12,20,te5_e00_d3228_from_base,te5_e03_d4015_from_base,upper_truss,truss,L45x45x4,45.0,45.0,4.0,210000.0,81000.0,,,,,xneg_mirrored; mirrored_from_user_line_11
72,12,17,te5_e00_d3228_from_base,te5_e02_d4015_from_base,upper_truss,truss,L45x45x4,45.0,45.0,4.0,210000.0,81000.0,,,,,xneg_mirrored; mirrored_from_user_line_12
73,4,15,top_xneg_yneg,te5_e02_d1530_from_base,upper_truss,truss,L50x50x4,50.0,50.0,4.0,210000.0,81000.0,,,,,xneg_mirrored; mirrored_from_user_line_13
74,18,16,te5_e03_d1530_from_base,te5_e02_d3185_from_base,upper_truss,truss,L45x45x4,45.0,45.0,4.0,210000.0,81000.0,,,,,xneg_mirrored; mirrored_from_user_line_14
75,19,17,te5_e03_d3185_from_base,te5_e02_d4015_from_base,upper_truss,truss,L45x45x4,45.0,45.0,4.0,210000.0,81000.0,,,,,xneg_mirrored; mirrored_from_user_line_15
76,4,39,top_xneg_yneg,te5_truss_xing_e76_77,top_square_diagonal_split_at_crossing,truss,L45x45x4,45.0,45.0,4.0,210000.0,81000.0,76.0,0.0,,,split at true 3D truss-truss intersection
77,3,39,top_xneg_ypos,te5_truss_xing_e76_77,top_square_diagonal_split_at_crossing,truss,L45x45x4,45.0,45.0,4.0,210000.0,81000.0,77.0,0.0,,,split at true 3D truss-truss intersection
78,4,35,top_xneg_yneg,te5_e11_mid,top_square_x_side,frame,L76x64x4.8,76.0,64.0,4.8,210000.0,81000.0,11.0,1.0,0-1065,top_xneg_yneg,split from parent frame element 11 for TE5 lower truss insertion
79,35,6,te5_e11_mid,top_xpos_yneg,top_square_x_side,frame,L76x64x4.8,76.0,64.0,4.8,210000.0,81000.0,11.0,2.0,1065-2130,top_xneg_yneg,split from parent frame element 11 for TE5 lower truss insertion
80,5,36,top_xpos_ypos,te5_e13_mid,top_square_x_side,frame,L76x64x4.8,76.0,64.0,4.8,210000.0,81000.0,13.0,1.0,0-1065,top_xpos_ypos,split from parent frame element 13 for TE5 lower truss insertion
81,36,3,te5_e13_mid,top_xneg_ypos,top_square_x_side,frame,L76x64x4.8,76.0,64.0,4.8,210000.0,81000.0,13.0,2.0,1065-2130,top_xpos_ypos,split from parent frame element 13 for TE5 lower truss insertion
82,7,28,base_xneg_ypos,te5_e14_d986_from_bottom,leg,frame,L102x102x7.9,102.0,102.0,7.9,210000.0,81000.0,14.0,1.0,0-986,base_xneg_ypos,split from parent frame element 14 for TE5 lower truss insertion
83,28,27,te5_e14_d986_from_bottom,te5_e14_d975_from_top,leg,frame,L102x102x7.9,102.0,102.0,7.9,210000.0,81000.0,14.0,2.0,986-1956,base_xneg_ypos,split from parent frame element 14 for TE5 lower truss insertion
84,27,3,te5_e14_d975_from_top,top_xneg_ypos,leg,frame,L102x102x7.9,102.0,102.0,7.9,210000.0,81000.0,14.0,3.0,1956-2931,base_xneg_ypos,split from parent frame element 14 for TE5 lower truss insertion
85,8,30,base_xneg_yneg,te5_e15_d986_from_bottom,leg,frame,L102x102x7.9,102.0,102.0,7.9,210000.0,81000.0,15.0,1.0,0-986,base_xneg_yneg,split from parent frame element 15 for TE5 lower truss insertion
86,30,29,te5_e15_d986_from_bottom,te5_e15_d975_from_top,leg,frame,L102x102x7.9,102.0,102.0,7.9,210000.0,81000.0,15.0,2.0,986-1956,base_xneg_yneg,split from parent frame element 15 for TE5 lower truss insertion
87,29,4,te5_e15_d975_from_top,top_xneg_yneg,leg,frame,L102x102x7.9,102.0,102.0,7.9,210000.0,81000.0,15.0,3.0,1956-2931,base_xneg_yneg,split from parent frame element 15 for TE5 lower truss insertion
88,9,32,base_xpos_ypos,te5_e16_d986_from_bottom,leg,frame,L102x102x7.9,102.0,102.0,7.9,210000.0,81000.0,16.0,1.0,0-986,base_xpos_ypos,split from parent frame element 16 for TE5 lower truss insertion
89,32,31,te5_e16_d986_from_bottom,te5_e16_d975_from_top,leg,frame,L102x102x7.9,102.0,102.0,7.9,210000.0,81000.0,16.0,2.0,986-1956,base_xpos_ypos,split from parent frame element 16 for TE5 lower truss insertion
90,31,5,te5_e16_d975_from_top,top_xpos_ypos,leg,frame,L102x102x7.9,102.0,102.0,7.9,210000.0,81000.0,16.0,3.0,1956-2931,base_xpos_ypos,split from parent frame element 16 for TE5 lower truss insertion
91,10,34,base_xpos_yneg,te5_e17_d986_from_bottom,leg,frame,L102x102x7.9,102.0,102.0,7.9,210000.0,81000.0,17.0,1.0,0-986,base_xpos_yneg,split from parent frame element 17 for TE5 lower truss insertion
92,34,33,te5_e17_d986_from_bottom,te5_e17_d975_from_top,leg,frame,L102x102x7.9,102.0,102.0,7.9,210000.0,81000.0,17.0,2.0,986-1956,base_xpos_yneg,split from parent frame element 17 for TE5 lower truss insertion
93,33,6,te5_e17_d975_from_top,top_xpos_yneg,leg,frame,L102x102x7.9,102.0,102.0,7.9,210000.0,81000.0,17.0,3.0,1956-2931,base_xpos_yneg,split from parent frame element 17 for TE5 lower truss insertion
94,8,37,base_xneg_yneg,te5_e19_mid,bottom_square,frame,L102x89x6.4,102.0,89.0,6.4,210000.0,81000.0,19.0,1.0,0-1197.56,base_xneg_yneg,split from parent frame element 19 for TE5 lower truss insertion
95,37,7,te5_e19_mid,base_xneg_ypos,bottom_square,frame,L102x89x6.4,102.0,89.0,6.4,210000.0,81000.0,19.0,2.0,1197.56-2395.12,base_xneg_yneg,split from parent frame element 19 for TE5 lower truss insertion
96,9,38,base_xpos_ypos,te5_e21_mid,bottom_square,frame,L102x89x6.4,102.0,89.0,6.4,210000.0,81000.0,21.0,1.0,0-1197.56,base_xpos_ypos,split from parent frame element 21 for TE5 lower truss insertion
97,38,10,te5_e21_mid,base_xpos_yneg,bottom_square,frame,L102x89x6.4,102.0,89.0,6.4,210000.0,81000.0,21.0,2.0,1197.56-2395.12,base_xpos_ypos,split from parent frame element 21 for TE5 lower truss insertion
98,29,35,te5_e15_d975_from_top,te5_e11_mid,lower_face_diagonal_node_to_midpoint,truss,L60x60x4,60.0,60.0,4.0,210000.0,81000.0,,,,,added TE5 lower/side face truss per user description
99,29,40,te5_e15_d975_from_top,te5_truss_xing_e99_101,lower_face_diagonal_node_to_opposite_base_split_at_crossing,truss,L60x60x4,60.0,60.0,4.0,210000.0,81000.0,99.0,0.0,,,split at true 3D truss-truss intersection
100,33,35,te5_e17_d975_from_top,te5_e11_mid,lower_face_diagonal_node_to_midpoint,truss,L60x60x4,60.0,60.0,4.0,210000.0,81000.0,,,,,added TE5 lower/side face truss per user description
101,33,40,te5_e17_d975_from_top,te5_truss_xing_e99_101,lower_face_diagonal_node_to_opposite_base_split_at_crossing,truss,L60x60x4,60.0,60.0,4.0,210000.0,81000.0,101.0,0.0,,,split at true 3D truss-truss intersection
102,27,36,te5_e14_d975_from_top,te5_e13_mid,lower_face_diagonal_node_to_midpoint,truss,L60x60x4,60.0,60.0,4.0,210000.0,81000.0,,,,,added TE5 lower/side face truss per user description
103,27,41,te5_e14_d975_from_top,te5_truss_xing_e103_105,lower_face_diagonal_node_to_opposite_base_split_at_crossing,truss,L60x60x4,60.0,60.0,4.0,210000.0,81000.0,103.0,0.0,,,split at true 3D truss-truss intersection
104,31,36,te5_e16_d975_from_top,te5_e13_mid,lower_face_diagonal_node_to_midpoint,truss,L60x60x4,60.0,60.0,4.0,210000.0,81000.0,,,,,added TE5 lower/side face truss per user description
105,31,41,te5_e16_d975_from_top,te5_truss_xing_e103_105,lower_face_diagonal_node_to_opposite_base_split_at_crossing,truss,L60x60x4,60.0,60.0,4.0,210000.0,81000.0,105.0,0.0,,,split at true 3D truss-truss intersection
106,34,38,te5_e17_d986_from_bottom,te5_e21_mid,side_face_node_to_bottom_midpoint,truss,L60x60x4,60.0,60.0,4.0,210000.0,81000.0,,,,,added TE5 lower/side face truss per user description
107,34,42,te5_e17_d986_from_bottom,te5_truss_xing_e107_109,side_face_node_to_opposite_top_split_at_crossing,truss,L60x60x4,60.0,60.0,4.0,210000.0,81000.0,107.0,0.0,,,split at true 3D truss-truss intersection
108,32,38,te5_e16_d986_from_bottom,te5_e21_mid,side_face_node_to_bottom_midpoint,truss,L60x60x4,60.0,60.0,4.0,210000.0,81000.0,,,,,added TE5 lower/side face truss per user description
109,32,42,te5_e16_d986_from_bottom,te5_truss_xing_e107_109,side_face_node_to_opposite_top_split_at_crossing,truss,L60x60x4,60.0,60.0,4.0,210000.0,81000.0,109.0,0.0,,,split at true 3D truss-truss intersection
110,30,37,te5_e15_d986_from_bottom,te5_e19_mid,side_face_node_to_bottom_midpoint,truss,L60x60x4,60.0,60.0,4.0,210000.0,81000.0,,,,,added TE5 lower/side face truss per user description
111,30,43,te5_e15_d986_from_bottom,te5_truss_xing_e111_113,side_face_node_to_opposite_top_split_at_crossing,truss,L60x60x4,60.0,60.0,4.0,210000.0,81000.0,111.0,0.0,,,split at true 3D truss-truss intersection
112,28,37,te5_e14_d986_from_bottom,te5_e19_mid,side_face_node_to_bottom_midpoint,truss,L60x60x4,60.0,60.0,4.0,210000.0,81000.0,,,,,added TE5 lower/side face truss per user description
113,28,43,te5_e14_d986_from_bottom,te5_truss_xing_e111_113,side_face_node_to_opposite_top_split_at_crossing,truss,L60x60x4,60.0,60.0,4.0,210000.0,81000.0,113.0,0.0,,,split at true 3D truss-truss intersection
114,39,5,te5_truss_xing_e76_77,top_xpos_ypos,top_square_diagonal_split_at_crossing,truss,L45x45x4,45.0,45.0,4.0,210000.0,81000.0,76.0,1.0,,,split at true 3D truss-truss intersection
115,39,6,te5_truss_xing_e76_77,top_xpos_yneg,top_square_diagonal_split_at_crossing,truss,L45x45x4,45.0,45.0,4.0,210000.0,81000.0,77.0,1.0,,,split at true 3D truss-truss intersection
116,40,10,te5_truss_xing_e99_101,base_xpos_yneg,lower_face_diagonal_node_to_opposite_base_split_at_crossing,truss,L60x60x4,60.0,60.0,4.0,210000.0,81000.0,99.0,1.0,,,split at true 3D truss-truss intersection
117,40,8,te5_truss_xing_e99_101,base_xneg_yneg,lower_face_diagonal_node_to_opposite_base_split_at_crossing,truss,L60x60x4,60.0,60.0,4.0,210000.0,81000.0,101.0,1.0,,,split at true 3D truss-truss intersection
118,41,9,te5_truss_xing_e103_105,base_xpos_ypos,lower_face_diagonal_node_to_opposite_base_split_at_crossing,truss,L60x60x4,60.0,60.0,4.0,210000.0,81000.0,103.0,1.0,,,split at true 3D truss-truss intersection
119,41,7,te5_truss_xing_e103_105,base_xneg_ypos,lower_face_diagonal_node_to_opposite_base_split_at_crossing,truss,L60x60x4,60.0,60.0,4.0,210000.0,81000.0,105.0,1.0,,,split at true 3D truss-truss intersection
120,42,5,te5_truss_xing_e107_109,top_xpos_ypos,side_face_node_to_opposite_top_split_at_crossing,truss,L60x60x4,60.0,60.0,4.0,210000.0,81000.0,107.0,1.0,,,split at true 3D truss-truss intersection
121,42,6,te5_truss_xing_e107_109,top_xpos_yneg,side_face_node_to_opposite_top_split_at_crossing,truss,L60x60x4,60.0,60.0,4.0,210000.0,81000.0,109.0,1.0,,,split at true 3D truss-truss intersection
122,43,3,te5_truss_xing_e111_113,top_xneg_ypos,side_face_node_to_opposite_top_split_at_crossing,truss,L60x60x4,60.0,60.0,4.0,210000.0,81000.0,111.0,1.0,,,split at true 3D truss-truss intersection
123,43,4,te5_truss_xing_e111_113,top_xneg_yneg,side_face_node_to_opposite_top_split_at_crossing,truss,L60x60x4,60.0,60.0,4.0,210000.0,81000.0,113.0,1.0,,,split at true 3D truss-truss intersection
