element_id,start_node,start_label,end_node,end_label,parent_element_id,i_end_type,j_end_type,custom_i_Dx,custom_i_Dy,custom_i_Dz,custom_i_Rx,custom_i_Ry,custom_i_Rz,custom_j_Dx,custom_j_Dy,custom_j_Dz,custom_j_Rx,custom_j_Ry,custom_j_Rz,notes
6,0,center,3,top_xneg_ypos,6,rigid,rigid,False,False,False,False,False,False,False,False,False,False,False,False,Notebook-05 baseline: no frame-end release
7,0,center,4,top_xneg_yneg,7,rigid,rigid,False,False,False,False,False,False,False,False,False,False,False,False,Notebook-05 baseline: no frame-end release
8,0,center,5,top_xpos_ypos,8,rigid,rigid,False,False,False,False,False,False,False,False,False,False,False,False,Notebook-05 baseline: no frame-end release
9,0,center,6,top_xpos_yneg,9,rigid,rigid,False,False,False,False,False,False,False,False,False,False,False,False,Notebook-05 baseline: no frame-end release
11,4,top_xneg_yneg,6,top_xpos_yneg,11,rigid,rigid,False,False,False,False,False,False,False,False,False,False,False,False,Notebook-05 baseline: no frame-end release
13,5,top_xpos_ypos,3,top_xneg_ypos,13,rigid,rigid,False,False,False,False,False,False,False,False,False,False,False,False,Notebook-05 baseline: no frame-end release
18,7,base_xneg_ypos,9,base_xpos_ypos,18,rigid,rigid,False,False,False,False,False,False,False,False,False,False,False,False,Notebook-05 baseline: no frame-end release
20,10,base_xpos_yneg,8,base_xneg_yneg,20,rigid,rigid,False,False,False,False,False,False,False,False,False,False,False,False,Notebook-05 baseline: no frame-end release
22,1,high_xneg,13,z5_e02_top_xneg_ypos_d4906,2,rigid,rigid,False,False,False,False,False,False,False,False,False,False,False,False,Notebook-05 baseline: no frame-end release
23,13,z5_e02_top_xneg_ypos_d4906,12,z5_e02_top_xneg_ypos_d3918,2,rigid,rigid,False,False,False,False,False,False,False,False,False,False,False,False,Notebook-05 baseline: no frame-end release
24,12,z5_e02_top_xneg_ypos_d3918,11,z5_e02_top_xneg_ypos_d1942,2,rigid,rigid,False,False,False,False,False,False,False,False,False,False,False,False,Notebook-05 baseline: no frame-end release
25,11,z5_e02_top_xneg_ypos_d1942,3,top_xneg_ypos,2,rigid,rigid,False,False,False,False,False,False,False,False,False,False,False,False,Notebook-05 baseline: no frame-end release
26,1,high_xneg,16,z5_e03_top_xneg_yneg_d4906,3,rigid,rigid,False,False,False,False,False,False,False,False,False,False,False,False,Notebook-05 baseline: no frame-end release
27,16,z5_e03_top_xneg_yneg_d4906,15,z5_e03_top_xneg_yneg_d3918,3,rigid,rigid,False,False,False,False,False,False,False,False,False,False,False,False,Notebook-05 baseline: no frame-end release
28,15,z5_e03_top_xneg_yneg_d3918,14,z5_e03_top_xneg_yneg_d1942,3,rigid,rigid,False,False,False,False,False,False,False,False,False,False,False,False,Notebook-05 baseline: no frame-end release
29,14,z5_e03_top_xneg_yneg_d1942,4,top_xneg_yneg,3,rigid,rigid,False,False,False,False,False,False,False,False,False,False,False,False,Notebook-05 baseline: no frame-end release
30,2,high_xpos,19,z5_e04_top_xpos_ypos_d4906,4,rigid,rigid,False,False,False,False,False,False,False,False,False,False,False,False,Notebook-05 baseline: no frame-end release
31,19,z5_e04_top_xpos_ypos_d4906,18,z5_e04_top_xpos_ypos_d3918,4,rigid,rigid,False,False,False,False,False,False,False,False,False,False,False,False,Notebook-05 baseline: no frame-end release
32,18,z5_e04_top_xpos_ypos_d3918,17,z5_e04_top_xpos_ypos_d1942,4,rigid,rigid,False,False,False,False,False,False,False,False,False,False,False,False,Notebook-05 baseline: no frame-end release
33,17,z5_e04_top_xpos_ypos_d1942,5,top_xpos_ypos,4,rigid,rigid,False,False,False,False,False,False,False,False,False,False,False,False,Notebook-05 baseline: no frame-end release
34,2,high_xpos,22,z5_e05_top_xpos_yneg_d4906,5,rigid,rigid,False,False,False,False,False,False,False,False,False,False,False,False,Notebook-05 baseline: no frame-end release
35,22,z5_e05_top_xpos_yneg_d4906,21,z5_e05_top_xpos_yneg_d3918,5,rigid,rigid,False,False,False,False,False,False,False,False,False,False,False,False,Notebook-05 baseline: no frame-end release
36,21,z5_e05_top_xpos_yneg_d3918,20,z5_e05_top_xpos_yneg_d1942,5,rigid,rigid,False,False,False,False,False,False,False,False,False,False,False,False,Notebook-05 baseline: no frame-end release
37,20,z5_e05_top_xpos_yneg_d1942,6,top_xpos_yneg,5,rigid,rigid,False,False,False,False,False,False,False,False,False,False,False,False,Notebook-05 baseline: no frame-end release
38,0,center,26,z5_e00_center_high_xneg_d1650,0,rigid,rigid,False,False,False,False,False,False,False,False,False,False,False,False,Notebook-05 baseline: no frame-end release
39,26,z5_e00_center_high_xneg_d1650,27,z5_e00_center_high_xneg_d3530,0,rigid,rigid,False,False,False,False,False,False,False,False,False,False,False,False,Notebook-05 baseline: no frame-end release
40,27,z5_e00_center_high_xneg_d3530,28,z5_e00_center_high_xneg_d4460,0,rigid,rigid,False,False,False,False,False,False,False,False,False,False,False,False,Notebook-05 baseline: no frame-end release
41,28,z5_e00_center_high_xneg_d4460,1,high_xneg,0,rigid,rigid,False,False,False,False,False,False,False,False,False,False,False,False,Notebook-05 baseline: no frame-end release
42,0,center,23,z5_e01_center_high_xpos_d1650,1,rigid,rigid,False,False,False,False,False,False,False,False,False,False,False,False,Notebook-05 baseline: no frame-end release
43,23,z5_e01_center_high_xpos_d1650,24,z5_e01_center_high_xpos_d3530,1,rigid,rigid,False,False,False,False,False,False,False,False,False,False,False,False,Notebook-05 baseline: no frame-end release
44,24,z5_e01_center_high_xpos_d3530,25,z5_e01_center_high_xpos_d4460,1,rigid,rigid,False,False,False,False,False,False,False,False,False,False,False,False,Notebook-05 baseline: no frame-end release
45,25,z5_e01_center_high_xpos_d4460,2,high_xpos,1,rigid,rigid,False,False,False,False,False,False,False,False,False,False,False,False,Notebook-05 baseline: no frame-end release
138,3,top_xneg_ypos,29,z5_e10_mid,10,rigid,rigid,False,False,False,False,False,False,False,False,False,False,False,False,Notebook-05 baseline: no frame-end release
139,29,z5_e10_mid,4,top_xneg_yneg,10,rigid,rigid,False,False,False,False,False,False,False,False,False,False,False,False,Notebook-05 baseline: no frame-end release
140,6,top_xpos_yneg,30,z5_e12_mid,12,rigid,rigid,False,False,False,False,False,False,False,False,False,False,False,False,Notebook-05 baseline: no frame-end release
141,30,z5_e12_mid,5,top_xpos_ypos,12,rigid,rigid,False,False,False,False,False,False,False,False,False,False,False,False,Notebook-05 baseline: no frame-end release
142,7,base_xneg_ypos,31,z5_e14_mid,14,rigid,rigid,False,False,False,False,False,False,False,False,False,False,False,False,Notebook-05 baseline: no frame-end release
143,31,z5_e14_mid,3,top_xneg_ypos,14,rigid,rigid,False,False,False,False,False,False,False,False,False,False,False,False,Notebook-05 baseline: no frame-end release
144,8,base_xneg_yneg,32,z5_e15_mid,15,rigid,rigid,False,False,False,False,False,False,False,False,False,False,False,False,Notebook-05 baseline: no frame-end release
145,32,z5_e15_mid,4,top_xneg_yneg,15,rigid,rigid,False,False,False,False,False,False,False,False,False,False,False,False,Notebook-05 baseline: no frame-end release
146,9,base_xpos_ypos,33,z5_e16_mid,16,rigid,rigid,False,False,False,False,False,False,False,False,False,False,False,False,Notebook-05 baseline: no frame-end release
147,33,z5_e16_mid,5,top_xpos_ypos,16,rigid,rigid,False,False,False,False,False,False,False,False,False,False,False,False,Notebook-05 baseline: no frame-end release
148,10,base_xpos_yneg,34,z5_e17_mid,17,rigid,rigid,False,False,False,False,False,False,False,False,False,False,False,False,Notebook-05 baseline: no frame-end release
149,34,z5_e17_mid,6,top_xpos_yneg,17,rigid,rigid,False,False,False,False,False,False,False,False,False,False,False,False,Notebook-05 baseline: no frame-end release
150,8,base_xneg_yneg,35,z5_e19_mid,19,rigid,rigid,False,False,False,False,False,False,False,False,False,False,False,False,Notebook-05 baseline: no frame-end release
151,35,z5_e19_mid,7,base_xneg_ypos,19,rigid,rigid,False,False,False,False,False,False,False,False,False,False,False,False,Notebook-05 baseline: no frame-end release
152,9,base_xpos_ypos,36,z5_e21_mid,21,rigid,rigid,False,False,False,False,False,False,False,False,False,False,False,False,Notebook-05 baseline: no frame-end release
153,36,z5_e21_mid,10,base_xpos_yneg,21,rigid,rigid,False,False,False,False,False,False,False,False,False,False,False,False,Notebook-05 baseline: no frame-end release
